method,size,iterations,time
Ja,939,23,0.611522
GS,939,16,0.533233
Ja,939,499,8.395482
GS,939,499,10.026952
LU,939,1,3.859524
Ja,100,22,0.012133
GS,100,15,0.010041
Ja,500,23,0.142370
GS,500,16,0.120192
Ja,1000,23,0.524721
GS,1000,16,0.468256
Ja,2000,23,2.087115
GS,2000,16,1.859117
Ja,3000,23,4.923811
GS,3000,16,3.939670
Ja,5000,24,15.634788
GS,5000,16,11.827739
Ja,10000,24,64.165894
GS,10000,17,50.499622
